date,AQI,lat,lon,HCHO,NO2,CO,aerosol_index,temp,RH,wind_speed,fire_count
2023-10-01,108.0,31.5,75.0,0.0001085999442256,3.755400676634812e-05,0.019585100057882,0.4310129579440355,20.2,32.5,4.9,0
2023-10-02,261.0,31.5,75.0,0.0001007548364888,4.453610332209624e-05,0.0245721476936256,0.5506840462156629,22.7,39.3,5.3,0
2023-10-03,173.0,31.5,75.0,0.0001097215862226,4.401917777835437e-05,0.0251614787159333,0.5482929618458221,20.7,38.9,5.0,0
2023-10-04,154.0,31.5,75.0,0.0001037779555777,4.293925714833134e-05,0.0209660644182228,0.662385503412495,20.7,39.2,5.0,0
2023-10-05,290.0,31.5,75.0,0.0001096371016468,3.870693790362071e-05,0.0247847173312367,0.482647183570132,21.8,50.7,4.8,1
2023-10-06,177.0,31.5,75.0,9.087185218741984e-05,3.806673206230316e-05,0.025686972126837,0.588742945949833,20.5,37.0,5.8,0
2023-10-07,500.0,31.5,75.0,0.0001004202542153,3.936210445586757e-05,0.020230861428079,0.6254593008662309,19.6,39.0,4.7,0
2023-10-08,171.0,31.5,75.0,8.973040365276753e-05,3.953180690361577e-05,0.0209124198339526,0.6753834100780618,19.0,34.8,5.3,0
2023-10-09,114.0,31.5,75.0,0.0001008660955489,4.376260887927903e-05,0.0257663254468718,0.5935652512625741,19.4,36.6,4.7,0
2023-10-10,149.0,31.5,75.0,8.440326156953888e-05,4.197631243540418e-05,0.0283171815430864,0.7367794465508191,18.8,39.6,5.0,0
2023-10-11,286.0,31.5,75.0,8.737041207531167e-05,4.3283408843868725e-05,0.0237187458550609,0.6139848949624369,17.7,44.5,4.8,0
2023-10-12,308.0,31.5,75.0,8.637594899970927e-05,4.641901856579576e-05,0.0219772559258648,0.9492612644897344,19.3,40.9,5.6,1
2023-10-13,500.0,31.5,75.0,9.872981736912437e-05,5.080907836971229e-05,0.0272904092175506,0.9549435932277054,17.8,39.2,4.9,0
2023-10-14,500.0,31.5,75.0,8.702167545142834e-05,5.540409676600199e-05,0.0270237903998279,1.0900835079905151,17.9,48.8,5.0,0
2023-10-15,257.0,31.5,75.0,9.64201172929575e-05,5.501571644961279e-05,0.0331982783256497,0.967116041753637,19.6,41.3,6.3,1
2023-10-16,265.0,31.5,75.0,8.4223160366348e-05,5.492386192416182e-05,0.0345879444240659,1.011448279236608,17.9,38.2,4.8,1
2023-10-17,305.0,31.5,75.0,9.086424387563148e-05,5.289490842540406e-05,0.0330243274737264,0.9591240535899778,19.1,44.9,5.3,1
2023-10-18,245.0,31.5,75.0,0.0001046972597071,5.5122794660605634e-05,0.0382313212061532,1.038278757119214,16.9,39.4,5.6,0
2023-10-19,377.0,31.5,75.0,0.0001056359316836,5.988275557375766e-05,0.0336981435434703,1.0196939235391156,17.7,37.6,5.3,0
2023-10-20,345.0,31.5,75.0,0.0001020894329108,6.61122974278385e-05,0.0333145409751213,0.9394083419886212,16.0,43.7,5.3,2
2023-10-21,317.0,31.5,75.0,0.0001123687019411,6.802468227847898e-05,0.0433932557279175,1.2600066671233257,16.7,39.0,4.7,3
2023-10-22,351.0,31.5,75.0,0.000112860128754,7.133772025924242e-05,0.038999790973455,1.4891990703521762,14.9,45.5,5.8,1
2023-10-23,356.0,31.5,75.0,0.0001085258753964,7.303066496341121e-05,0.0471118041641432,1.5824800378357058,15.8,37.7,6.3,3
2023-10-24,377.0,31.5,75.0,0.0001242490703499,7.710980032010268e-05,0.0460799970891795,1.8092105912743368,15.5,42.4,6.3,0
2023-10-25,378.0,31.5,75.0,0.0001312905029917,7.492351763868781e-05,0.0504391196562677,1.6936134884845375,14.0,40.8,5.1,2
2023-10-26,392.0,31.5,75.0,0.0001428729701449,7.94757690727132e-05,0.0531659312878757,1.6868741980618251,14.2,42.4,6.1,0
2023-10-27,401.0,31.5,75.0,0.0001482067072995,8.21251351514053e-05,0.0479461009284528,2.004896822080476,12.7,35.3,5.7,2
2023-10-28,395.0,31.5,75.0,0.0001423277439568,8.664912467074576e-05,0.0551693544584261,1.857606062375122,14.6,37.4,5.7,1
2023-10-29,401.0,31.5,75.0,0.0001513989804672,8.888561796572387e-05,0.0602756864791364,2.130337478751897,15.7,45.3,4.8,5
2023-10-30,401.0,31.5,75.0,0.0001636528261181,8.742786510293528e-05,0.0567873085231615,2.0265734356611205,13.4,49.0,5.2,3
2023-10-31,401.0,31.5,75.0,0.000180659070405,9.47455079340104e-05,0.0599039293894714,2.246586968238176,13.0,54.1,5.6,5
2023-11-01,401.0,31.5,75.0,0.0001729289562895,9.160026560082264e-05,0.0629759669146403,2.0480195662976053,13.7,45.3,5.4,4
2023-11-02,401.0,31.5,75.0,0.0001821288282041,9.338112274511144e-05,0.0631806578983552,2.2899134711532816,14.2,48.2,4.8,4
2023-11-03,401.0,31.5,75.0,0.0001990734346929,9.488146642311656e-05,0.0635255645170801,2.393728466344595,12.6,41.5,6.0,7
2023-11-04,401.0,31.5,75.0,0.0001998567301649,9.856713015137796e-05,0.0586538775622823,2.178620250362468,11.4,45.8,4.9,3
2023-11-05,401.0,31.5,75.0,0.0001892732736909,9.962389717229885e-05,0.0676579970557976,2.2109989843647773,12.0,35.0,4.8,4
2023-11-06,401.0,31.5,75.0,0.0002102116808965,9.402960031171774e-05,0.0621844786363676,2.408053271376517,12.7,47.1,5.2,2
2023-11-07,401.0,31.5,75.0,0.0002052430865856,9.874100171512474e-05,0.060832292047848,2.4068258682093284,9.8,49.8,5.4,3
2023-11-08,401.0,31.5,75.0,0.0001947362145742,9.369457509081488e-05,0.0634597084551322,2.4032772826659787,11.0,43.3,5.0,3
2023-11-09,401.0,31.5,75.0,0.0002097636915293,9.13179162533492e-05,0.0645732794043694,1.835925054247377,13.6,37.9,5.1,4
2023-11-10,500.0,31.5,75.0,0.0001987382541003,9.91080059619375e-05,0.0637998516765006,2.2651326040350663,11.8,44.5,4.8,2
2023-11-11,401.0,31.5,75.0,0.0002110093038698,9.607282743719606e-05,0.0599862882265507,1.7699847009306169,11.6,42.3,5.2,4
2023-11-12,387.0,31.5,75.0,0.0002059276380034,8.791897021429322e-05,0.0577203751157925,2.1907288430667764,11.3,42.2,5.1,4
2023-11-13,398.0,31.5,75.0,0.0002048887401203,9.219676637472942e-05,0.0583866087792955,1.8773205423087505,10.9,37.3,4.7,2
2023-11-14,401.0,31.5,75.0,0.0001928733702333,8.144253396649321e-05,0.0525097279313764,1.6871836518370953,9.7,42.1,5.1,0
2023-11-15,390.0,31.5,75.0,0.0001997458711379,7.756547539684607e-05,0.0480729955309661,1.781365719107897,10.9,47.3,5.8,0
2023-11-16,401.0,31.5,75.0,0.0001866971651842,8.308213271659574e-05,0.0500059628311029,1.7509091042139957,12.3,46.7,5.0,1
2023-11-17,390.0,31.5,75.0,0.0001879030275794,7.478598259229744e-05,0.0431098273199592,1.6728844701479717,8.9,36.1,5.2,1
2023-11-18,395.0,31.5,75.0,0.0001930939975085,6.866528633232374e-05,0.0452640351806942,1.4352049965025788,7.9,39.9,5.9,0
2023-11-19,380.0,31.5,75.0,0.0001839872014109,7.235299646710662e-05,0.0430417176638527,1.1248338605918753,8.8,42.2,4.8,1
2023-11-20,355.0,31.5,75.0,0.0001841080841529,6.78441313371123e-05,0.0408956277785469,1.517808486487754,10.9,44.6,5.7,0
2023-11-21,323.0,31.5,75.0,0.0001674763659412,5.950944893289168e-05,0.0392563864463634,1.3048205804589783,7.2,38.7,5.2,1
2023-11-22,313.0,31.5,75.0,0.0001769173916373,6.065496219167637e-05,0.0350366365369099,1.2203591949807688,8.6,43.8,6.4,0
2023-11-23,348.0,31.5,75.0,0.0001558044526201,5.559731280175804e-05,0.0371000518696307,1.216626519041664,9.9,34.7,4.8,1
2023-11-24,500.0,31.5,75.0,0.0001544172917997,5.34872117689123e-05,0.0348428203437895,0.9073144332110884,6.5,36.3,5.4,0
2023-11-25,319.0,31.5,75.0,0.0001517581099166,5.348739401066687e-05,0.0300858169705952,0.8417050609596872,6.7,44.1,4.9,2
2023-11-26,292.0,31.5,75.0,0.0001400570060755,5.673501919710053e-05,0.0255553336604494,0.8452962758264149,5.7,37.2,5.0,1
2023-11-27,315.0,31.5,75.0,0.0001538484292633,4.812148215432458e-05,0.029192689862466,0.7510479980646074,6.9,39.7,6.7,1
2023-11-28,243.0,31.5,75.0,0.0001334375316977,4.830255419036413e-05,0.0255571804750902,0.6125197699682963,7.5,48.8,5.7,0
2023-11-29,268.0,31.5,75.0,0.0001292148796316,4.36238053753993e-05,0.0269482096017468,0.719776878305474,5.3,36.2,7.5,0
2023-11-30,259.0,31.5,75.0,0.0001419365256921,4.337645426074011e-05,0.0284660725469089,0.5066132810044397,6.5,27.7,5.3,0
2023-10-01,59.0,13.0,77.5,0.0001537560251306,0.0001467759764094,0.0401220740357545,0.3597245503403445,31.3,42.9,3.1,0
2023-10-02,58.0,13.0,77.5,0.000166034643093,0.0001498517537188,0.0369344384608211,0.1986927136607152,32.6,48.8,3.1,0
2023-10-03,60.0,13.0,77.5,0.000160839822386,0.0001535296050802,0.0386816113634696,0.3861620843831116,31.0,47.0,3.4,0
2023-10-04,96.0,13.0,77.5,0.0001438777806145,0.0001502677808079,0.0449687355402399,0.3522568856592428,31.7,41.3,2.8,0
2023-10-05,59.0,13.0,77.5,0.0001521517772798,0.000147095184596,0.039024646528941,0.2302997991162098,31.0,43.8,3.1,0
2023-10-06,54.0,13.0,77.5,0.0001487070178418,0.0001482430248874,0.0389492250900917,0.2545743312792708,31.4,43.0,3.0,0
2023-10-07,45.0,13.0,77.5,0.0001407819395322,0.0001472209841182,0.0376669935374677,0.1990799984239247,29.2,46.7,3.2,0
2023-10-08,60.0,13.0,77.5,0.0001290927801119,0.0001479775806444,0.0456226914400213,0.4624498447005674,31.7,49.6,3.3,0
2023-10-09,89.0,13.0,77.5,0.000141388012933,0.0001511341099523,0.0432503632648827,0.2879702056641395,30.2,44.4,3.3,0
2023-10-10,75.0,13.0,77.5,0.0001311953701321,0.0001497259284852,0.0404482952921742,0.4019392911424067,29.4,38.2,3.4,0
2023-10-11,74.0,13.0,77.5,0.0001285093784532,0.0001497075199716,0.0380841413621794,0.405843416466305,31.6,44.8,2.9,0
2023-10-12,71.0,13.0,77.5,0.0001186980688347,0.0001526479756937,0.0420171244921197,0.6977196392245819,29.6,47.1,3.3,0
2023-10-13,73.0,13.0,77.5,0.0001096483133149,0.000144367975728,0.0373053992817441,0.454820571240172,30.9,43.7,3.0,0
2023-10-14,56.0,13.0,77.5,0.0001227994676037,0.0001484328193977,0.0462226780676129,0.3634838127261796,30.9,50.5,2.9,0
2023-10-15,80.0,13.0,77.5,0.0001014957233394,0.0001516862934253,0.0371073515861137,0.3517633594998769,29.8,46.9,3.9,0
2023-10-16,44.0,13.0,77.5,9.854135537184352e-05,0.0001525649505123,0.0377468827283954,0.3154135471590237,31.4,54.3,3.7,0
2023-10-17,82.0,13.0,77.5,0.0001083660607001,0.0001452868788256,0.0394030254647268,0.091992220830071,30.3,43.0,2.9,0
2023-10-18,68.0,13.0,77.5,0.000102305105683,0.0001438850119836,0.0431465503811047,0.0880920495884302,30.0,49.7,3.3,0
2023-10-19,71.0,13.0,77.5,0.0001024666644463,0.000148169563749,0.0431820625029265,0.1388968274944581,30.5,39.4,3.1,0
2023-10-20,65.0,13.0,77.5,0.0001038570343098,0.000146599670771,0.0385274299987833,0.2352333757205877,30.0,48.6,3.1,0
2023-10-21,45.0,13.0,77.5,9.277875007280986e-05,0.0001509505727852,0.0430713949678186,-0.0438946764081985,32.1,50.3,3.3,0
2023-10-22,26.0,13.0,77.5,9.71235389785366e-05,0.0001518543670508,0.0445271822697725,0.3073750448427335,31.3,49.8,3.2,0
2023-10-23,46.0,13.0,77.5,9.435561484064746e-05,0.0001445107938957,0.0427857429726635,0.2770074087940213,29.8,42.5,3.7,0
2023-10-24,43.0,13.0,77.5,9.563540304355352e-05,0.0001447896005501,0.0401642944096692,0.5030190397764005,30.4,51.6,2.9,0
2023-10-25,62.0,13.0,77.5,8.202234359671795e-05,0.0001519597872994,0.0451911858904642,0.3595409836842778,30.7,45.0,3.0,0
2023-10-26,73.0,13.0,77.5,8.112156016197113e-05,0.000148003636567,0.0436650417632163,0.4504472034044413,31.4,46.3,2.9,0
2023-10-27,80.0,13.0,77.5,8.139719816324834e-05,0.0001474104688655,0.0370527568902661,0.2801958525445766,31.4,51.2,4.0,0
2023-10-28,71.0,13.0,77.5,9.443185175319368e-05,0.0001471311572092,0.0385080845973834,0.3869729192081031,29.5,36.7,3.8,0
2023-10-29,66.0,13.0,77.5,9.07714972303979e-05,0.0001437386236492,0.0400407476622005,0.0821123917014996,31.1,40.4,3.4,0
2023-10-30,77.0,13.0,77.5,8.760693184651387e-05,0.0001460222849761,0.0372930411822469,0.2598976990649883,30.7,47.9,3.3,0
2023-10-31,500.0,13.0,77.5,9.308095785936229e-05,0.0001444110700721,0.0442237424586572,0.2788778148835572,30.1,49.3,2.9,0
2023-11-01,79.0,13.0,77.5,0.0001053479724489,0.0001520281413378,0.0423116104338972,0.1473326393395415,30.9,41.2,3.1,0
2023-11-02,500.0,13.0,77.5,0.0001063038881858,0.0001519852283865,0.03675813877836,0.4547426178822358,30.8,41.8,3.2,0
2023-11-03,500.0,13.0,77.5,0.0001078135273831,0.0001497556795199,0.0398401705069414,0.4204408018494365,28.5,36.6,2.8,0
2023-11-04,78.0,13.0,77.5,0.0001016467375936,0.0001450064347389,0.0454425493798911,0.2071809492443079,29.5,42.8,3.0,0
2023-11-05,45.0,13.0,77.5,0.0001114477783641,0.0001450822649941,0.0406293518240795,0.4822462803700001,29.5,42.0,3.5,0
2023-11-06,64.0,13.0,77.5,0.0001081795674652,0.0001527951494077,0.0439682833642218,0.3261348890742291,30.6,45.9,2.9,0
2023-11-07,500.0,13.0,77.5,0.0001137197426163,0.0001499589009903,0.0445447806210209,0.3468787474365046,32.4,46.5,3.1,0
2023-11-08,50.0,13.0,77.5,0.0001225273098445,0.0001464464144354,0.0415205367996153,0.58483996184757,30.7,43.5,2.8,0
2023-11-09,60.0,13.0,77.5,0.000126363803471,0.0001438211587833,0.0449632479728187,0.2943591575178464,29.2,43.3,4.6,0
2023-11-10,61.0,13.0,77.5,0.0001354928719588,0.0001493290881953,0.0407858035022228,0.4118351458077161,30.7,41.9,3.0,0
2023-11-11,50.0,13.0,77.5,0.0001340802202329,0.0001465171823655,0.044414536818862,0.344354165556753,31.2,50.9,3.5,0
2023-11-12,28.0,13.0,77.5,0.0001290895730978,0.0001530900188364,0.0408714541033357,0.2825720833957891,30.6,46.3,3.7,0
2023-11-13,45.0,13.0,77.5,0.0001469383292565,0.0001441766414889,0.0464467850333189,0.2367872867556742,30.2,57.3,4.3,0
2023-11-14,64.0,13.0,77.5,0.0001378142862113,0.0001463392858416,0.0429871735154963,0.5077830548583884,31.5,45.2,3.0,0
2023-11-15,68.0,13.0,77.5,0.0001541011857229,0.0001497663541128,0.042315866744806,0.0719288718664282,30.3,45.0,3.7,0
2023-11-16,56.0,13.0,77.5,0.000144705409498,0.0001534406812731,0.0368930048693863,0.0189130381535812,30.8,44.5,3.7,0
2023-11-17,86.0,13.0,77.5,0.0001488963088526,0.0001480585610517,0.0386693559715333,0.3531277798156377,30.5,52.6,3.3,0
2023-11-18,73.0,13.0,77.5,0.0001642327815143,0.0001532453212171,0.0391122484581782,0.0027321731921511,32.2,54.8,2.9,0
2023-11-19,47.0,13.0,77.5,0.0001569770175971,0.0001529399197428,0.0463844502264228,0.2315320575035506,30.4,55.6,3.8,0
2023-11-20,29.0,13.0,77.5,0.0001699404003139,0.0001462335598152,0.0417623253406505,0.1923686192131853,30.7,49.3,3.6,0
2023-11-21,77.0,13.0,77.5,0.0001555532340449,0.0001486670436376,0.0389743879484079,0.3823018303740868,32.5,53.2,3.2,0
2023-11-22,46.0,13.0,77.5,0.000165592745746,0.0001479799979087,0.0416212860317373,0.5937743511158295,29.4,41.8,3.0,0
2023-11-23,54.0,13.0,77.5,0.0001750519406405,0.0001524066121657,0.0464940292461754,0.4357021566840663,31.3,48.2,4.0,0
2023-11-24,81.0,13.0,77.5,0.0001702013095628,0.0001485653062143,0.0450086707399315,0.1342250940067278,30.3,42.7,3.7,0
2023-11-25,60.0,13.0,77.5,0.0001778757989389,0.0001532410466273,0.0459789341028033,0.2520638393410774,32.3,48.7,3.4,0
2023-11-26,68.0,13.0,77.5,0.0001707021015401,0.000145556520973,0.0446428163989366,0.1758548193808056,31.7,41.1,3.7,0
2023-11-27,81.0,13.0,77.5,0.0001651030913521,0.0001492921261842,0.0453769869140579,-0.0102062732943576,30.8,42.0,3.2,0
2023-11-28,75.0,13.0,77.5,0.0001760533138249,0.0001489365205051,0.0394288056103633,0.427417002377337,30.6,40.5,3.0,0
2023-11-29,66.0,13.0,77.5,0.0001759326396297,0.0001465480030606,0.0458699707324177,0.1519156620333507,32.3,50.9,3.4,0
2023-11-30,71.0,13.0,77.5,0.0001608376883661,0.0001467088033118,0.045413134303674,0.3469337760934675,31.5,45.9,3.0,0
2023-10-01,64.0,13.0,80.0,0.0001515845999451,0.0001386863940658,0.0376527315937942,0.1310881442967294,31.2,48.9,3.3,0
2023-10-02,62.0,13.0,80.0,0.0001595047179058,0.0001314223964518,0.0383082032453326,0.5335311853921441,32.1,51.3,3.2,0
2023-10-03,44.0,13.0,80.0,0.0001539972848117,0.000136154046211,0.0379117296980622,0.4187269836791298,29.9,49.0,2.8,0
2023-10-04,74.0,13.0,80.0,0.0001410099655464,0.0001360850193133,0.0386464362323311,0.2675587316268241,31.3,61.6,2.9,0
2023-10-05,38.0,13.0,80.0,0.0001508335754612,0.0001335579343725,0.0425453142428493,0.2721105343981515,32.5,63.5,3.5,0
2023-10-06,46.0,13.0,80.0,0.0001323863327309,0.0001330083471594,0.0428212155884446,0.2701348008579969,28.2,56.2,4.3,0
2023-10-07,86.0,13.0,80.0,0.000146529831154,0.0001329429037962,0.0409451834597153,0.3003092237065028,31.8,52.9,3.1,0
2023-10-08,56.0,13.0,80.0,0.0001363452666329,0.0001303183202646,0.042825363087394,0.1878910759329675,30.2,62.9,3.6,0
2023-10-09,71.0,13.0,80.0,0.0001318321514491,0.0001384112724027,0.0370075759950634,0.1701106781102988,31.9,67.7,2.9,0
2023-10-10,55.0,13.0,80.0,0.0001209397102504,0.0001293849203374,0.0339755554066193,0.1434760570248729,30.6,53.9,3.8,0
2023-10-11,87.0,13.0,80.0,0.000131807724869,0.0001348434083224,0.0387390875590939,0.3997923488104627,29.6,56.6,3.0,0
2023-10-12,79.0,13.0,80.0,0.0001167420682667,0.0001336684903853,0.039327835484429,0.2061515414949326,31.1,48.8,3.0,0
2023-10-13,97.0,13.0,80.0,0.0001134357286962,0.000130968658187,0.0340184924468398,0.2744367771535487,31.5,60.4,4.4,0
2023-10-14,87.0,13.0,80.0,0.0001018475175468,0.0001377695418253,0.0435635183155118,0.557109402948987,32.6,70.0,3.7,0
2023-10-15,48.0,13.0,80.0,0.0001142049880977,0.0001318506901553,0.0375792784077857,0.4776652011156882,30.8,59.4,4.0,0
2023-10-16,80.0,13.0,80.0,9.770888438940425e-05,0.0001374835195041,0.0397212109413733,0.3189970186537776,29.1,64.8,3.1,0
2023-10-17,69.0,13.0,80.0,9.526478111565004e-05,0.0001351511141434,0.0386410461792469,0.4391022226279151,30.8,55.9,4.3,0
2023-10-18,83.0,13.0,80.0,8.887457158891567e-05,0.0001307926818778,0.034477501153793,0.2657624852053971,30.0,57.3,3.4,0
2023-10-19,41.0,13.0,80.0,9.356891581240507e-05,0.0001369824039907,0.0353631335188966,0.2522302580230122,31.3,60.3,3.3,0
2023-10-20,67.0,13.0,80.0,9.397839794009238e-05,0.0001355249518756,0.0427605894117962,0.1990317387914284,31.2,57.2,3.6,0
2023-10-21,66.0,13.0,80.0,9.92945965040946e-05,0.0001339255140925,0.039909793399627,0.3372137546825119,31.9,54.2,3.4,0
2023-10-22,86.0,13.0,80.0,8.73923807772677e-05,0.0001327898096038,0.0361683025470342,0.1658203895732194,31.0,64.2,3.9,0
2023-10-23,71.0,13.0,80.0,9.754518830500871e-05,0.0001330952016828,0.040523337468456,0.129578698034713,30.9,60.0,3.7,0
2023-10-24,67.0,13.0,80.0,9.206776876349436e-05,0.0001319667180487,0.0385206449868125,0.4100009763947171,31.4,61.0,3.6,0
2023-10-25,73.0,13.0,80.0,9.43551487248522e-05,0.0001353620086375,0.0414830725292186,0.1401041897978658,29.7,61.6,3.6,0
2023-10-26,500.0,13.0,80.0,8.865717592030708e-05,0.0001330095328194,0.0391679157901884,0.0849007861033145,30.1,61.9,3.8,0
2023-10-27,54.0,13.0,80.0,8.960369156011025e-05,0.0001361672510745,0.0429283572956823,0.2703920777385685,29.7,62.2,3.3,0
2023-10-28,76.0,13.0,80.0,9.788472163852894e-05,0.0001386727251329,0.0338124097128267,0.1087312860777637,29.6,62.4,3.0,0
2023-10-29,48.0,13.0,80.0,9.286045526159148e-05,0.0001320410536639,0.0419679306252965,0.2374874372022576,30.4,63.7,4.5,0
2023-10-30,75.0,13.0,80.0,8.199826099487203e-05,0.0001383551426693,0.0389622525185932,0.376608398144362,32.0,60.5,3.3,0
2023-10-31,95.0,13.0,80.0,9.604395336016151e-05,0.0001324381553519,0.042137307957716,0.4060903409769454,30.1,58.2,3.4,0
2023-11-01,86.0,13.0,80.0,0.0001006002647052,0.000136494997514,0.0436667583913571,0.3323480826829321,31.5,65.3,4.1,0
2023-11-02,53.0,13.0,80.0,9.97746320813077e-05,0.0001338061709264,0.034879225209174,0.2240279169721467,30.0,53.8,3.1,0
2023-11-03,65.0,13.0,80.0,0.0001072608046485,0.0001327039805454,0.039162957917147,0.4088714419911731,31.9,51.0,4.0,0
2023-11-04,59.0,13.0,80.0,9.980555766490576e-05,0.0001313304383649,0.0355141852494994,0.4062385057159665,30.4,57.6,3.1,0
2023-11-05,53.0,13.0,80.0,0.0001026720162878,0.000135270208804,0.0437275743345168,0.1270289154849159,30.0,55.9,3.1,0
2023-11-06,82.0,13.0,80.0,0.0001196601381049,0.0001291527269418,0.0356396257650365,0.5884827349586231,31.6,62.6,4.3,0
2023-11-07,68.0,13.0,80.0,0.0001090400152385,0.0001306810523068,0.0430301077850592,0.68664491548395,32.0,54.7,3.5,0
2023-11-08,57.0,13.0,80.0,0.0001229737907272,0.0001322026347726,0.0339173610412283,0.3491815793967671,30.8,63.1,3.8,0
2023-11-09,83.0,13.0,80.0,0.0001235022468693,0.0001356980618333,0.0379210923973981,0.3181623982748551,31.4,66.3,4.3,0
2023-11-10,500.0,13.0,80.0,0.0001309554261387,0.0001359268936904,0.0349920833812481,0.2328509976331569,29.6,62.5,2.9,0
2023-11-11,72.0,13.0,80.0,0.0001394225593927,0.000135241739345,0.0347312421303108,0.4652494237701247,29.8,51.8,3.5,0
2023-11-12,55.0,13.0,80.0,0.0001352369059595,0.0001344165593302,0.0391579696986593,0.1991666114719815,30.6,58.1,3.4,0
2023-11-13,61.0,13.0,80.0,0.0001403240760433,0.0001341064639111,0.0354231007646442,0.2993203099113385,32.3,62.1,3.8,0
2023-11-14,97.0,13.0,80.0,0.0001367744965688,0.0001298620872511,0.0409802948147013,0.4288393939200116,32.4,55.6,2.9,0
2023-11-15,72.0,13.0,80.0,0.0001420705215582,0.0001364955797148,0.0433598221118959,-0.0668883892598838,31.1,63.5,3.8,0
2023-11-16,54.0,13.0,80.0,0.0001508229442412,0.0001386793097287,0.0387668442443231,0.1374582619410962,30.3,52.6,2.8,0
2023-11-17,82.0,13.0,80.0,0.0001442367212604,0.0001384951212323,0.0363585623688685,0.1722451096887027,31.4,70.4,3.1,0
2023-11-18,92.0,13.0,80.0,0.0001526740600416,0.000131169592752,0.0365542246590746,0.1758205718242181,30.3,60.7,3.3,0
2023-11-19,76.0,13.0,80.0,0.0001650364502829,0.0001300501223095,0.0425387498711095,0.3477468715100213,32.0,65.3,4.6,0
2023-11-20,68.0,13.0,80.0,0.0001614504031814,0.0001372958912699,0.0398837892585978,0.3089310953295694,32.1,64.2,3.9,0
2023-11-21,71.0,13.0,80.0,0.0001549951046383,0.0001367894453289,0.0402556010874204,0.4781972181028989,31.7,61.7,5.0,0
2023-11-22,76.0,13.0,80.0,0.0001569315904605,0.0001340158696127,0.0403688128250336,0.5537337241973205,31.5,60.9,3.9,0
2023-11-23,67.0,13.0,80.0,0.0001571798901904,0.0001383171212396,0.0377034852808447,0.4726540864498976,30.8,60.9,3.2,0
2023-11-24,61.0,13.0,80.0,0.0001739442567313,0.000130240380898,0.0409691249636883,0.446597901070906,31.4,60.4,4.7,0
2023-11-25,72.0,13.0,80.0,0.0001684129730637,0.0001333425461798,0.0368421085438931,0.0499746784635397,32.2,66.9,3.5,0
2023-11-26,43.0,13.0,80.0,0.0001655445058558,0.0001328559574112,0.0351619784313928,0.2471390134408058,30.0,56.2,3.2,0
2023-11-27,50.0,13.0,80.0,0.0001572946548672,0.0001368785901345,0.0431205280420321,0.3458117569344769,32.4,49.3,3.2,0
2023-11-28,500.0,13.0,80.0,0.0001594529351668,0.0001375815337677,0.0346830196210425,0.3636314390170022,30.7,61.4,3.7,0
2023-11-29,63.0,13.0,80.0,0.0001676652488953,0.0001381951923043,0.0387014452998195,-0.0490924301088173,31.5,66.8,3.5,0
2023-11-30,61.0,13.0,80.0,0.0001624373422335,0.0001336817804823,0.0435283932106086,0.4227891892454766,31.5,52.4,3.2,0
2023-10-01,82.0,17.5,78.5,0.0001179000880855,4.082543324027493e-05,0.0244369379469818,0.4091942833609581,29.1,50.4,3.9,0
2023-10-02,37.0,17.5,78.5,0.0001091542023909,3.956171831222759e-05,0.0245000197479575,0.2727764055911348,29.5,59.8,4.6,0
2023-10-03,54.0,17.5,78.5,0.0001080884410733,3.991747287366923e-05,0.0228328539576571,0.4134456874064062,27.7,51.1,4.3,0
2023-10-04,80.0,17.5,78.5,0.0001041315119198,3.853292569904246e-05,0.0221281192853146,0.1396263430569125,28.8,64.9,4.9,0
2023-10-05,74.0,17.5,78.5,0.0001056281824942,4.021004058674403e-05,0.0162629535330718,0.4367847124704808,27.5,53.7,3.4,0
2023-10-06,82.0,17.5,78.5,8.533511138123916e-05,3.882052548071671e-05,0.0151583865833348,0.1219364801944141,27.4,50.3,3.5,0
2023-10-07,71.0,17.5,78.5,0.0001007922301239,3.941495668354883e-05,0.0245460173135896,0.4940763888063965,28.6,47.2,3.4,0
2023-10-08,55.0,17.5,78.5,9.179543904462312e-05,3.51871771322906e-05,0.0245405994776483,0.1955337735013211,28.5,51.6,4.1,0
2023-10-09,59.0,17.5,78.5,8.725369365778022e-05,3.772817829162243e-05,0.0216039317701637,0.3531521654577917,29.3,49.1,3.7,0
2023-10-10,85.0,17.5,78.5,7.348380003349719e-05,3.8306423380719e-05,0.0208761754684404,0.3770021813312396,28.8,39.9,3.7,0
2023-10-11,56.0,17.5,78.5,7.305670472077669e-05,3.888649687506969e-05,0.0177115386964608,0.2533935283671093,30.0,44.6,3.4,0
2023-10-12,51.0,17.5,78.5,6.416337976546047e-05,3.749312269222256e-05,0.0164138391797767,0.208657532986558,29.8,59.8,3.4,0
2023-10-13,87.0,17.5,78.5,6.193222366950942e-05,4.06187288184766e-05,0.0169309248973628,0.44957401421115,28.9,51.4,3.3,0
2023-10-14,77.0,17.5,78.5,7.096114341198517e-05,3.681877701719947e-05,0.0206732135064937,0.3046646901124165,28.5,53.9,4.5,0
2023-10-15,65.0,17.5,78.5,6.739705164342052e-05,4.10814028966441e-05,0.0200505574710238,0.3464217123098666,27.7,47.9,3.6,0
2023-10-16,54.0,17.5,78.5,5.148411828199128e-05,3.877659326831528e-05,0.0177425183542017,0.2173071847118889,27.5,54.6,4.9,0
2023-10-17,78.0,17.5,78.5,6.098394178112149e-05,4.289767944312629e-05,0.0158848766480968,0.4532088515125809,29.1,50.1,3.5,0
2023-10-18,78.0,17.5,78.5,4.517733008768283e-05,3.861200323491843e-05,0.0219967185033612,0.1286106905725984,27.8,63.2,4.0,0
2023-10-19,55.0,17.5,78.5,4.15281021171809e-05,3.685276928029204e-05,0.0228131443107419,0.2631373622718347,29.8,49.5,3.6,0
2023-10-20,77.0,17.5,78.5,4.3282025641813e-05,4.322558233125179e-05,0.0170950831196026,0.637742785048945,29.2,52.7,3.3,0
2023-10-21,43.0,17.5,78.5,4.360018884115056e-05,3.5689496196120315e-05,0.0192476192304839,0.107344657133839,29.5,53.7,4.2,0
2023-10-22,41.0,17.5,78.5,4.943482618943256e-05,3.584027384160886e-05,0.024952735222085,0.3772461301990288,30.7,58.2,4.3,0
2023-10-23,78.0,17.5,78.5,3.444283590817808e-05,4.355087125071132e-05,0.0228157098790737,0.9038595588528208,28.3,54.5,4.1,0
2023-10-24,63.0,17.5,78.5,3.338173968809244e-05,4.494107624190796e-05,0.0202197991198096,0.0624327823959283,29.2,50.0,5.0,0
2023-10-25,73.0,17.5,78.5,3.405426216040293e-05,4.419590131817802e-05,0.0169857888044937,0.4288091062053475,29.8,56.9,3.9,0
2023-10-26,48.0,17.5,78.5,4.096187062949182e-05,3.823568589114099e-05,0.0227633653297938,0.3955303335805089,30.0,41.4,4.5,0
2023-10-27,55.0,17.5,78.5,4.40217772033048e-05,3.764329053691653e-05,0.0211916637683298,0.2453490868234319,27.6,43.9,3.7,0
2023-10-28,88.0,17.5,78.5,3.901172057913407e-05,3.637452449553572e-05,0.0170125967523641,0.133482885730417,27.5,44.1,4.0,0
2023-10-29,78.0,17.5,78.5,5.035283523244217e-05,3.79093240368104e-05,0.0207834800824617,0.2955361218945134,29.2,44.6,3.5,0
2023-10-30,51.0,17.5,78.5,3.9540552235549706e-05,4.352089559394373e-05,0.0234333741309582,0.3163510626975774,29.8,51.3,3.4,0
2023-10-31,90.0,17.5,78.5,4.532004461602709e-05,4.336828837021542e-05,0.0162682221990427,0.2646834644955346,29.0,46.2,3.4,0
2023-11-01,48.0,17.5,78.5,4.586118149326931e-05,4.239736863330209e-05,0.018800887887772,0.0646255707293825,28.7,56.9,3.8,0
2023-11-02,86.0,17.5,78.5,5.5144217239601226e-05,4.474290542110016e-05,0.0204804834780251,0.1196832371401051,28.8,52.9,3.7,0
2023-11-03,38.0,17.5,78.5,5.023733844626603e-05,4.358961236303232e-05,0.0188037162991595,0.2163915980454293,29.5,53.1,4.5,0
2023-11-04,66.0,17.5,78.5,5.5362318655967006e-05,3.9961190539294574e-05,0.0247280638602494,0.4077832136990167,28.5,47.9,3.3,0
2023-11-05,39.0,17.5,78.5,5.0900846703173866e-05,4.208588452529244e-05,0.0185765663413474,0.4349585855923334,29.7,59.6,3.8,0
2023-11-06,53.0,17.5,78.5,6.286567325608584e-05,4.206254572831029e-05,0.0185566335910281,0.3772113854858041,27.4,59.0,3.5,0
2023-11-07,61.0,17.5,78.5,6.363232496147146e-05,4.272063563840172e-05,0.0182841692171792,0.3889317713178487,28.2,51.1,3.9,0
2023-11-08,42.0,17.5,78.5,6.541402088153201e-05,4.190673735232474e-05,0.0249994210259181,0.4952698123345043,29.4,53.7,3.5,0
2023-11-09,49.0,17.5,78.5,7.224358684062524e-05,4.006134035882162e-05,0.0248568295892376,0.4628725501193463,30.3,49.8,3.5,0
2023-11-10,63.0,17.5,78.5,8.530426860264796e-05,3.793371060026614e-05,0.0234409623200592,0.2947252674206033,29.5,49.0,4.7,0
2023-11-11,63.0,17.5,78.5,7.379689298504125e-05,4.179947512813628e-05,0.0213542840070166,0.4243662764504995,30.0,48.4,4.6,0
2023-11-12,53.0,17.5,78.5,8.893194565116293e-05,3.981768276626529e-05,0.0228541140226384,0.5280102298125889,29.0,46.1,4.5,0
2023-11-13,91.0,17.5,78.5,9.65745578452666e-05,3.6921878877028006e-05,0.0225461904567257,0.3645981474998228,28.5,50.0,4.7,0
2023-11-14,78.0,17.5,78.5,9.455518667930251e-05,3.943080610760789e-05,0.018772000243505,0.2892530502804042,26.9,54.2,4.2,0
2023-11-15,73.0,17.5,78.5,9.630645881309022e-05,3.6984082090878905e-05,0.0231981093019123,0.2121576880639057,27.7,54.4,4.1,0
2023-11-16,50.0,17.5,78.5,0.0001058601176806,3.906135363261258e-05,0.0174391372728876,0.3661113128167095,28.6,54.8,3.7,0
2023-11-17,67.0,17.5,78.5,0.0001015680189827,4.443777521557368e-05,0.0239924514392677,0.6880172419583463,28.8,51.9,3.8,0
2023-11-18,89.0,17.5,78.5,0.0001144189196563,3.950973436557802e-05,0.0221799231838887,0.1559772561766312,29.6,50.6,3.3,0
2023-11-19,51.0,17.5,78.5,0.0001100289655093,4.118187569387018e-05,0.0238884031097654,0.5905502439375618,28.3,64.3,4.5,0
2023-11-20,79.0,17.5,78.5,0.0001152929991614,4.248329319673124e-05,0.0227124148347416,0.3749130021990746,30.6,53.7,3.4,0
2023-11-21,76.0,17.5,78.5,0.0001136855178714,4.460678753189975e-05,0.0213145304720766,0.3440419958305328,29.7,57.0,4.7,0
2023-11-22,56.0,17.5,78.5,0.0001174085876937,4.467946447288586e-05,0.0175100801186074,0.462877169886113,28.8,46.8,4.5,0
2023-11-23,67.0,17.5,78.5,0.0001126006282586,4.079743700756435e-05,0.0242687362453691,0.5983692949255957,29.3,54.6,4.3,0
2023-11-24,43.0,17.5,78.5,0.0001114990516197,3.525985674138876e-05,0.0196815568021804,0.3878744749095054,29.2,43.5,3.4,0
2023-11-25,84.0,17.5,78.5,0.0001119352004058,4.298700517740566e-05,0.0245710341039127,0.1181782480324248,29.3,51.4,3.7,0
2023-11-26,67.0,17.5,78.5,0.0001205963402371,4.06921871814219e-05,0.0199817899103896,0.3269824455598759,28.2,67.9,3.8,0
2023-11-27,500.0,17.5,78.5,0.0001257229899222,3.604978002738561e-05,0.0214464895747992,0.4452899703656429,28.7,46.7,3.7,0
2023-11-28,66.0,17.5,78.5,0.00012105066998,3.597749784155383e-05,0.015889883235042,0.1301822589826969,29.9,53.0,3.7,0
2023-11-29,54.0,17.5,78.5,0.0001208924718895,3.544587332793369e-05,0.0236031096730295,0.2142955482054344,29.7,49.3,3.5,0
2023-11-30,63.0,17.5,78.5,0.0001165999778907,3.748606085828015e-05,0.0173211106189668,0.3163456652929353,28.4,57.4,5.0,0
2023-10-01,91.0,22.5,88.5,0.000170792210726,0.0001723249402884,0.0494635721619279,0.4023714846734141,26.3,49.6,5.2,0
2023-10-02,500.0,22.5,88.5,0.0001668521249447,0.0001740615200882,0.0469553541597186,0.2886754386098723,27.3,46.7,4.8,0
2023-10-03,132.0,22.5,88.5,0.0001685442210166,0.0001772877998678,0.043606851761514,0.0775171269756587,25.6,41.3,5.6,0
2023-10-04,113.0,22.5,88.5,0.0001730930867641,0.0001685556616805,0.0500313297702916,-0.0052736800415649,25.9,45.2,4.5,0
2023-10-05,103.0,22.5,88.5,0.0001655201138786,0.0001681727398083,0.0532817501369434,-0.2516981736682203,25.3,47.8,4.0,0
2023-10-06,101.0,22.5,88.5,0.000167018096475,0.0001739418602446,0.0478075204132077,0.0699483200847329,26.8,46.4,4.9,0
2023-10-07,53.0,22.5,88.5,0.0001604320854936,0.0001773260808002,0.0453926549811476,0.3298915138168151,24.8,44.5,4.0,0
2023-10-08,78.0,22.5,88.5,0.0001620036422244,0.0001723040550845,0.0478856884703956,0.2479937828892355,26.3,43.4,4.0,0
2023-10-09,62.0,22.5,88.5,0.0001403352534016,0.0001776169032414,0.0478129332903372,0.1756212079733344,24.0,44.5,4.0,0
2023-10-10,128.0,22.5,88.5,0.000136890530444,0.0001725720093788,0.0484171766072273,0.2692402589695589,23.9,57.7,3.8,0
2023-10-11,500.0,22.5,88.5,0.0001377516112376,0.0001682158997307,0.0475727606576389,0.1179027643198672,23.5,46.4,3.9,0
2023-10-12,77.0,22.5,88.5,0.0001320685921211,0.0001729126677744,0.0515568006483431,0.1446596175603441,24.6,45.1,5.4,0
2023-10-13,111.0,22.5,88.5,0.0001294638663059,0.0001756648429396,0.0472882117263464,0.2216229323153273,23.9,42.0,4.4,0
2023-10-14,107.0,22.5,88.5,0.0001315363337526,0.0001750610725523,0.0489337989833205,0.3627510721408966,23.2,45.2,4.1,0
2023-10-15,121.0,22.5,88.5,0.0001288746055854,0.0001726088996515,0.0456264729428168,0.2658392941050539,21.9,47.4,4.2,0
2023-10-16,111.0,22.5,88.5,0.0001187505488434,0.0001691238112281,0.0474914328968436,0.513805862762129,22.0,53.7,4.3,0
2023-10-17,96.0,22.5,88.5,0.0001179306998604,0.000177166031729,0.0463107234140919,0.5237354571747612,24.9,35.5,4.9,0
2023-10-18,125.0,22.5,88.5,0.0001165649462715,0.0001718399037599,0.0499839320411375,0.0415923443448897,25.1,43.3,4.2,0
2023-10-19,109.0,22.5,88.5,0.0001068224230743,0.0001717728106592,0.0503132231635478,0.4241930692029936,22.1,43.5,4.5,0
2023-10-20,500.0,22.5,88.5,0.0001044683486051,0.0001758248308205,0.0525490933780683,0.4861300612163205,21.3,38.0,3.9,0
2023-10-21,111.0,22.5,88.5,0.0001200249714869,0.0001722297310437,0.0463742701222174,0.1677134936577052,21.2,50.9,4.1,0
2023-10-22,76.0,22.5,88.5,0.000111044380922,0.0001688474383892,0.0513214362635986,0.316643096001671,21.4,42.3,5.3,0
2023-10-23,500.0,22.5,88.5,0.0001114539558434,0.0001701763747952,0.052612382458097,0.1670053699322763,20.0,50.7,4.8,0
2023-10-24,81.0,22.5,88.5,0.0001163014449059,0.0001717830032444,0.0441166303783015,0.1401148756054191,21.6,48.2,3.8,0
2023-10-25,88.0,22.5,88.5,9.869456172685092e-05,0.0001726661227959,0.0491358555630338,0.44655747790778,20.9,44.4,5.0,0
2023-10-26,119.0,22.5,88.5,0.00010970896085,0.0001753365028069,0.0460427661657103,0.1913479662928909,20.2,54.0,4.0,0
2023-10-27,112.0,22.5,88.5,0.0001029656423815,0.0001777273896794,0.0470551715614376,0.4544795554897523,20.4,40.8,3.9,0
2023-10-28,135.0,22.5,88.5,0.0001130604555924,0.0001720731645577,0.0483386953982653,0.1054524034608075,20.3,50.5,4.2,0
2023-10-29,87.0,22.5,88.5,0.0001125011669528,0.0001710108732249,0.050402198212177,0.1606316337519075,21.4,55.3,5.3,0
2023-10-30,80.0,22.5,88.5,0.0001015849610568,0.0001748718417709,0.0467825942955542,0.2633781338451636,20.1,40.9,5.1,0
2023-10-31,120.0,22.5,88.5,0.0001213322801338,0.000169989507989,0.0447757269383594,0.1857225814911601,19.0,42.6,4.2,0
2023-11-01,89.0,22.5,88.5,0.0001160357332754,0.0001725712134969,0.0506622131845849,0.2414613810724665,16.8,38.8,4.1,0
2023-11-02,60.0,22.5,88.5,0.0001169756143875,0.0001754703022193,0.0482678693118427,0.4633134015720346,19.5,44.2,4.4,0
2023-11-03,84.0,22.5,88.5,0.0001132837550389,0.0001716879508806,0.0493754615334312,0.3039845306414686,20.0,50.8,4.3,0
2023-11-04,92.0,22.5,88.5,0.0001149453349488,0.0001719849751761,0.0497466910639004,0.3126830347617771,19.8,47.3,4.0,0
2023-11-05,98.0,22.5,88.5,0.0001178563937092,0.0001768787669126,0.0532664500137332,0.327427782817349,19.5,44.3,4.2,0
2023-11-06,100.0,22.5,88.5,0.0001298644253039,0.0001748828923404,0.0523784845097373,0.4176811179852812,18.3,50.3,4.2,0
2023-11-07,115.0,22.5,88.5,0.0001257184112878,0.0001711456836043,0.0492187497535146,0.3691123866721685,17.4,47.6,4.7,0
2023-11-08,121.0,22.5,88.5,0.0001467789600224,0.0001762353980168,0.0478050519819234,0.4027175402286559,16.3,44.1,4.0,0
2023-11-09,61.0,22.5,88.5,0.0001364394097855,0.0001698444710647,0.0451900722753016,0.1294685999397098,17.7,45.7,4.7,0
2023-11-10,73.0,22.5,88.5,0.0001383400545511,0.0001699143343563,0.0500658451054656,0.2902233482763982,15.5,52.7,4.0,0
2023-11-11,500.0,22.5,88.5,0.0001549688892378,0.000177975884169,0.0534435242891729,0.0995117618819781,17.3,46.5,5.6,0
2023-11-12,500.0,22.5,88.5,0.0001572367011958,0.0001774180535163,0.0507670286019201,0.3189629826210868,16.4,55.5,4.0,0
2023-11-13,125.0,22.5,88.5,0.0001589279392539,0.0001771022626152,0.0453693843066031,0.1913795106837363,14.5,39.7,4.6,0
2023-11-14,88.0,22.5,88.5,0.0001708875443603,0.0001710373369252,0.0444697741590126,0.1816045160686218,15.8,48.5,4.5,0
2023-11-15,86.0,22.5,88.5,0.0001674674391236,0.0001684376381756,0.0444438982065292,0.2007137878261478,15.5,48.4,4.2,0
2023-11-16,135.0,22.5,88.5,0.0001725183283851,0.0001716860297421,0.0452436216491882,0.3765321254096644,16.2,43.5,4.3,0
2023-11-17,108.0,22.5,88.5,0.0001799296610509,0.0001770590523938,0.0534621319986327,0.0437754395579645,15.2,51.5,3.8,0
2023-11-18,106.0,22.5,88.5,0.0001832914500835,0.000174015615926,0.052565574065157,0.3360992472940189,12.7,41.9,4.0,0
2023-11-19,82.0,22.5,88.5,0.0001775258165454,0.0001745198435378,0.0508290704538066,0.433767050824819,14.9,46.8,3.8,0
2023-11-20,500.0,22.5,88.5,0.0001819889697103,0.0001726005630896,0.0524177857284465,0.4229143927794169,14.4,38.7,4.5,0
2023-11-21,89.0,22.5,88.5,0.0001912580873974,0.0001768611729674,0.0528753993085432,0.3573097244000464,13.3,40.5,4.5,0
2023-11-22,500.0,22.5,88.5,0.0001929937379564,0.0001711838464485,0.0517514745319636,0.2900922794296933,13.4,37.9,4.0,0
2023-11-23,500.0,22.5,88.5,0.0001792299884789,0.0001713441445944,0.048662755793411,0.3594616148952476,14.6,48.0,4.8,0
2023-11-24,174.0,22.5,88.5,0.0001847885632941,0.0001777885878073,0.0506672134593132,0.291488354994057,13.9,51.6,4.5,0
2023-11-25,90.0,22.5,88.5,0.000193609328207,0.0001780298648528,0.0492360114712192,0.0541916964421781,12.5,45.9,5.7,0
2023-11-26,89.0,22.5,88.5,0.0001767920156142,0.0001723846544999,0.0516397681102856,0.4106219797622005,13.1,40.3,4.0,0
2023-11-27,102.0,22.5,88.5,0.0001866043020577,0.0001715269191131,0.0471916068258024,0.3183923932141055,12.0,42.6,4.8,0
2023-11-28,124.0,22.5,88.5,0.0001875547335843,0.000176022684429,0.0509383374971999,0.2377092536185559,15.0,45.0,4.6,0
2023-11-29,102.0,22.5,88.5,0.0001945720479251,0.0001726732758135,0.0503417568483836,0.2069077325893429,13.7,54.0,4.3,0
2023-11-30,64.0,22.5,88.5,0.0001781764334761,0.0001776993257826,0.0453965314298431,0.4199605820414617,13.5,42.8,4.2,0
2023-10-01,146.0,27.0,81.0,0.0001122680840182,4.01006752544586e-05,0.0188750071501961,0.5496162220418463,24.4,50.6,4.6,0
2023-10-02,500.0,27.0,81.0,0.000115322645538,3.944479255931869e-05,0.0230709996132691,0.368053290701416,25.4,48.4,4.5,0
2023-10-03,209.0,27.0,81.0,0.0001014046170021,4.334515992714214e-05,0.0196235317564149,0.5309270579791187,25.7,51.0,4.9,0
2023-10-04,245.0,27.0,81.0,9.746113143311264e-05,4.4947808328847225e-05,0.0167468635494503,0.6374586379168139,25.1,40.9,4.7,0
2023-10-05,167.0,27.0,81.0,9.82376162911438e-05,4.276336020593745e-05,0.0240477098271972,0.6822489154859869,24.6,46.1,4.8,0
2023-10-06,106.0,27.0,81.0,9.657279723466954e-05,3.690654743219815e-05,0.0245709932363446,0.5063659898483578,23.7,53.7,4.5,0
2023-10-07,132.0,27.0,81.0,8.474971472185625e-05,3.670551902480184e-05,0.0249359453819224,0.5526455118347811,24.8,59.3,4.4,0
2023-10-08,199.0,27.0,81.0,8.699793550171997e-05,4.484882162971008e-05,0.0194291325199686,0.6399774866469469,24.3,44.5,4.7,0
2023-10-09,172.0,27.0,81.0,9.182553307482968e-05,4.317222617784455e-05,0.0180229239307985,0.2576251645431633,22.3,55.1,5.1,0
2023-10-10,262.0,27.0,81.0,8.346467875951013e-05,3.512417892310732e-05,0.0224369565537978,0.4735789344047134,23.5,48.5,4.4,0
2023-10-11,500.0,27.0,81.0,8.484183155480383e-05,4.3708292684266894e-05,0.0191949474266228,0.7787001134986133,24.2,46.8,6.3,0
2023-10-12,500.0,27.0,81.0,7.435418162390003e-05,4.137700678301505e-05,0.0220441344180331,0.4986622502186228,22.8,53.7,4.2,0
2023-10-13,302.0,27.0,81.0,7.223330429877555e-05,4.347438796208472e-05,0.0180804092765684,0.4666752772454235,21.0,51.4,4.6,0
2023-10-14,176.0,27.0,81.0,6.646068009468793e-05,4.220490234503109e-05,0.0220142828360204,0.3812075622123725,21.2,52.9,5.5,0
2023-10-15,500.0,27.0,81.0,6.808439786303376e-05,3.946278988480542e-05,0.0246269942510666,0.5800898391600189,21.0,57.9,5.5,0
2023-10-16,303.0,27.0,81.0,5.404883811113432e-05,3.981909231767378e-05,0.0198193181514538,0.4734407350285558,20.3,39.8,5.2,0
2023-10-17,500.0,27.0,81.0,5.196936379766245e-05,4.022544028207474e-05,0.0202462681594018,0.412212754853061,19.2,52.1,4.9,0
2023-10-18,500.0,27.0,81.0,5.205979496138224e-05,4.1788475437722497e-05,0.0242348308039,0.6566291185785218,20.2,52.6,4.2,0
2023-10-19,500.0,27.0,81.0,4.76216978410333e-05,3.616632860342692e-05,0.0188027950847997,0.6446772339833192,20.0,51.7,4.6,0
2023-10-20,323.0,27.0,81.0,5.293668534198119e-05,4.341255621022371e-05,0.0183815263434506,0.565888130588587,19.1,55.3,4.7,0
2023-10-21,346.0,27.0,81.0,5.9543248252583945e-05,4.31936240918212e-05,0.0233299977551824,0.6791568216605197,20.8,55.0,5.0,0
2023-10-22,312.0,27.0,81.0,4.498864551533383e-05,4.5234262318818286e-05,0.0225768080993949,0.7091330387241686,19.0,47.5,4.8,0
2023-10-23,362.0,27.0,81.0,5.1805596435074285e-05,3.971905765051269e-05,0.0227541986945003,0.5359321850863288,19.5,58.1,6.4,0
2023-10-24,379.0,27.0,81.0,5.154838193143849e-05,4.524628218864196e-05,0.0253591924411062,0.5161006317522849,18.9,47.3,4.8,0
2023-10-25,380.0,27.0,81.0,4.349180050729903e-05,4.235664250585816e-05,0.021654038133838,0.8309239136310606,19.2,54.4,5.6,0
2023-10-26,401.0,27.0,81.0,4.278883876278499e-05,3.828153292744249e-05,0.0205582725750351,0.9164477603751984,21.5,56.0,5.6,0
2023-10-27,500.0,27.0,81.0,5.6574394511697606e-05,4.416246780704504e-05,0.027251997588917,0.8232388458827049,19.4,49.0,5.3,0
2023-10-28,383.0,27.0,81.0,5.784708556498209e-05,4.340241316186934e-05,0.0243619418518552,0.7355464713470056,19.8,51.5,4.4,0
2023-10-29,363.0,27.0,81.0,6.438487535588873e-05,4.139581510093306e-05,0.0218573491237152,0.7323821324741103,19.1,53.7,5.1,0
2023-10-30,390.0,27.0,81.0,5.764865082858498e-05,4.49167431008712e-05,0.0236997595066735,0.8202164768452738,16.0,52.1,6.1,0
2023-10-31,401.0,27.0,81.0,6.801983985442497e-05,4.305656875038111e-05,0.0217967523080412,0.5673613333080639,17.0,53.5,4.7,0
2023-11-01,401.0,27.0,81.0,5.8847890315896176e-05,4.267250479594845e-05,0.0254629359374555,0.8230060762795668,16.5,58.2,4.8,0
2023-11-02,401.0,27.0,81.0,6.227074644043314e-05,3.8643620429504426e-05,0.0271755631021273,0.447988141825889,17.5,58.9,4.7,0
2023-11-03,401.0,27.0,81.0,6.651017267321549e-05,3.654206046044939e-05,0.0255712265622671,0.6749263300999816,17.8,53.6,4.4,0
2023-11-04,401.0,27.0,81.0,6.636314456976026e-05,3.651411553797523e-05,0.0244267150303524,0.9134103938356736,15.6,45.7,5.0,0
2023-11-05,393.0,27.0,81.0,7.605183474325119e-05,4.523610592612428e-05,0.0260288154513974,0.6786674092700297,17.4,47.8,6.3,0
2023-11-06,401.0,27.0,81.0,7.352219432948719e-05,4.249355351924983e-05,0.0260807288175803,0.7550026139948367,17.5,43.0,5.5,0
2023-11-07,401.0,27.0,81.0,8.921052985512348e-05,3.69121364652334e-05,0.0244459757736457,0.8807532343170479,16.5,49.1,5.3,0
2023-11-08,401.0,27.0,81.0,9.534769994309365e-05,4.476096697219417e-05,0.0245189017990393,0.7067316985402264,14.9,48.1,5.5,0
2023-11-09,401.0,27.0,81.0,8.377479188651386e-05,3.878096072350425e-05,0.0206372997090845,1.0742946320133384,13.7,44.1,5.4,0
2023-11-10,401.0,27.0,81.0,9.88761441082776e-05,4.364524043095353e-05,0.0218188464588132,0.5910470589960388,15.3,46.3,4.9,0
2023-11-11,401.0,27.0,81.0,9.649548181051614e-05,3.7685901609585327e-05,0.0208935437697697,0.8124673189843246,13.6,51.5,4.3,0
2023-11-12,500.0,27.0,81.0,0.0001080567625474,4.013709363224593e-05,0.0237749152602217,0.6958913755907675,14.4,51.7,5.1,0
2023-11-13,401.0,27.0,81.0,9.863535168487426e-05,3.96018915371384e-05,0.0250560462907743,0.7486598072943472,14.5,50.0,5.8,0
2023-11-14,401.0,27.0,81.0,0.0001176428761032,3.579741850838331e-05,0.0216136902004922,0.7020408093360032,13.9,54.5,4.7,0
2023-11-15,401.0,27.0,81.0,0.0001037781758726,3.847515332893346e-05,0.0186828226300245,0.7897443675862287,12.8,49.4,5.4,0
2023-11-16,401.0,27.0,81.0,0.0001190430092162,4.2513378258901656e-05,0.0225368248197664,0.679162598495566,14.9,53.5,4.3,0
2023-11-17,361.0,27.0,81.0,0.0001222037821468,3.708831068471057e-05,0.0215721697760812,0.6950403567376296,14.7,61.3,5.4,0
2023-11-18,382.0,27.0,81.0,0.0001121190773909,4.024818638696038e-05,0.0231460290806099,0.6383985674353488,12.6,49.8,5.6,0
2023-11-19,353.0,27.0,81.0,0.0001275376636386,3.910570229775574e-05,0.0179218125622785,0.6345029291815493,13.0,46.4,4.5,0
2023-11-20,311.0,27.0,81.0,0.0001141165363938,3.742613929214677e-05,0.0265226279355797,0.7682458795683136,12.7,52.7,4.5,0
2023-11-21,394.0,27.0,81.0,0.0001316643212253,4.32092634711556e-05,0.0251684988332177,0.7718667196139957,12.1,45.7,4.6,0
2023-11-22,500.0,27.0,81.0,0.0001308611971265,4.064324966574852e-05,0.021650111722968,0.7038910491416437,12.7,44.7,5.9,0
2023-11-23,344.0,27.0,81.0,0.0001309029333195,3.890283946075e-05,0.0213419432158209,0.5186841753272619,11.1,54.1,4.8,0
2023-11-24,352.0,27.0,81.0,0.0001168452406212,3.716642835494368e-05,0.0225961269015285,0.7255755802875286,11.6,47.9,4.7,0
2023-11-25,350.0,27.0,81.0,0.0001171832768132,4.100164884099127e-05,0.018913908950852,0.4163604705065729,13.4,60.7,4.9,0
2023-11-26,293.0,27.0,81.0,0.000127472371995,3.756273983505676e-05,0.0173096707998243,0.5989228246147167,11.7,52.9,5.3,0
2023-11-27,249.0,27.0,81.0,0.0001223872235775,4.28039474166016e-05,0.0206802212447535,0.7227317448605761,11.9,36.1,5.5,0
2023-11-28,336.0,27.0,81.0,0.0001249099242489,3.998599658185239e-05,0.0194861630516485,0.4968645722309251,10.6,46.3,4.4,0
2023-11-29,207.0,27.0,81.0,0.000115752023822,4.157885771063712e-05,0.0202365589276347,0.7480113547455058,11.2,53.2,4.2,0
2023-11-30,162.0,27.0,81.0,0.0001152694511724,4.367287461466141e-05,0.0198981045985628,0.5711409002754615,9.9,58.8,5.6,0
2023-10-01,54.0,19.0,73.0,0.0001641847958986,0.0001816473240063,0.0413631476182822,0.410466943747124,26.9,72.0,3.6,0
2023-10-02,500.0,19.0,73.0,0.0001645760065725,0.0001846745800978,0.049759881732801,0.331621832630082,27.2,73.3,3.5,0
2023-10-03,98.0,19.0,73.0,0.0001688028231031,0.0001774012143104,0.0462055192947577,0.1395499818227643,28.8,75.3,4.2,0
2023-10-04,113.0,19.0,73.0,0.0001601245685779,0.0001806156352266,0.0427043862476372,0.0978767757358499,26.5,71.1,4.2,0
2023-10-05,122.0,19.0,73.0,0.0001645068391346,0.0001769814559798,0.0459316218084192,0.181320689580305,28.0,60.5,4.4,0
2023-10-06,96.0,19.0,73.0,0.0001442920794965,0.0001805035939691,0.0433450745664982,0.0764220772971022,27.7,70.8,3.8,0
2023-10-07,49.0,19.0,73.0,0.0001447134120206,0.0001781492309442,0.0442640157516644,0.4498489459654216,28.8,65.9,3.6,0
2023-10-08,78.0,19.0,73.0,0.00014731481341,0.0001806160747852,0.0450701644191437,0.4961602310304253,28.2,71.5,3.6,0
2023-10-09,500.0,19.0,73.0,0.0001397833719507,0.0001813942555933,0.0492068577801655,0.2595561924838477,28.4,70.4,3.5,0
2023-10-10,143.0,19.0,73.0,0.000132105138695,0.0001825405366755,0.0498616021759359,0.2521843446790207,29.1,79.8,3.7,0
2023-10-11,122.0,19.0,73.0,0.0001406933797202,0.0001809738904775,0.0476439889027344,0.3571187384872437,28.8,63.9,4.5,0
2023-10-12,129.0,19.0,73.0,0.0001372666910488,0.0001765035227634,0.0431513055044476,0.444858676537106,27.8,64.1,3.9,0
2023-10-13,500.0,19.0,73.0,0.0001147149668137,0.0001793575256831,0.0481998133452609,0.3153005497275812,27.1,77.5,3.9,0
2023-10-14,113.0,19.0,73.0,0.0001178388804659,0.0001795022100648,0.0501540986954867,0.2643050662522777,27.9,71.2,4.7,0
2023-10-15,83.0,19.0,73.0,0.0001149397866842,0.0001816673983059,0.0476779983764598,0.0163245031880427,27.8,76.2,5.0,0
2023-10-16,118.0,19.0,73.0,0.0001056154704032,0.0001837732131868,0.0419214422867737,0.3538432933279382,29.9,74.3,3.6,0
2023-10-17,92.0,19.0,73.0,0.0001197363021858,0.0001806153617832,0.0467706695608511,0.2072385360982563,28.5,64.9,5.0,0
2023-10-18,500.0,19.0,73.0,9.809605296541494e-05,0.0001773139638169,0.0509426567160462,0.4497438184674008,28.5,76.0,4.3,0
2023-10-19,79.0,19.0,73.0,0.0001128628120871,0.0001801300614023,0.045713093118862,0.3298348198492342,26.8,66.6,3.8,0
2023-10-20,117.0,19.0,73.0,0.000102269124835,0.0001855612425532,0.0476401926932928,0.6568867532107006,29.1,67.6,3.4,0
2023-10-21,118.0,19.0,73.0,9.575704119305598e-05,0.000181912699723,0.0421619535724067,0.2457812636099678,28.5,65.8,4.5,0
2023-10-22,97.0,19.0,73.0,0.0001051018170499,0.0001804333653656,0.0430389477434034,0.0096895365122735,27.4,75.5,3.7,0
2023-10-23,500.0,19.0,73.0,0.0001054072269256,0.0001842163765167,0.051017901697629,0.2048047116756168,29.0,75.2,3.5,0
2023-10-24,95.0,19.0,73.0,8.735383483169356e-05,0.0001830012285958,0.047257848890473,0.5281820750553582,29.0,70.4,3.7,0
2023-10-25,500.0,19.0,73.0,9.573984748845456e-05,0.0001826699698289,0.0443719755947291,0.3793578498152227,27.1,74.6,3.4,0
2023-10-26,89.0,19.0,73.0,8.922180056373522e-05,0.0001829478115675,0.0475903964716514,0.2243271189521568,30.1,70.3,4.8,0
2023-10-27,113.0,19.0,73.0,0.0001067919647427,0.0001814288588758,0.0496255658892263,0.0331965467346713,27.3,74.5,3.4,0
2023-10-28,135.0,19.0,73.0,0.0001040626446938,0.0001807125117928,0.046665867510884,0.1382099805803285,27.2,73.5,3.6,0
2023-10-29,119.0,19.0,73.0,0.0001005436768948,0.0001789117966835,0.0502367370627709,0.3852988690712008,30.5,75.3,4.8,0
2023-10-30,103.0,19.0,73.0,0.0001027871063893,0.0001831893934832,0.0482368738020744,0.2307947348478314,27.5,62.7,4.0,0
2023-10-31,73.0,19.0,73.0,0.0001010069006831,0.0001839380206114,0.0465467405760983,0.5629730934346642,28.5,63.7,4.2,0
2023-11-01,76.0,19.0,73.0,9.68089742411046e-05,0.0001845419198405,0.0434012928823798,0.5410444703141007,26.4,67.6,3.7,0
2023-11-02,500.0,19.0,73.0,9.988201160339658e-05,0.00018503763519,0.0477971360943586,0.2600630376252441,28.2,73.0,3.8,0
2023-11-03,172.0,19.0,73.0,0.000115052286146,0.0001776307786511,0.0427117260432538,0.3445236186142416,29.2,59.8,3.5,0
2023-11-04,107.0,19.0,73.0,0.0001139181366583,0.0001792490483061,0.0429696396884367,0.2900990771603914,28.0,74.3,4.3,0
2023-11-05,96.0,19.0,73.0,0.0001213187834748,0.0001826234930052,0.046692454322497,0.4127878458206618,26.9,77.5,4.9,0
2023-11-06,83.0,19.0,73.0,0.0001133303143489,0.0001806191064867,0.0505630280876292,0.1751211598775174,29.0,68.3,5.1,0
2023-11-07,105.0,19.0,73.0,0.0001191591427261,0.0001828845169169,0.0489990250997412,0.0773153363216567,28.3,68.6,3.8,0
2023-11-08,61.0,19.0,73.0,0.0001360123767111,0.0001781941038479,0.0414418243860189,0.4173190891945122,29.6,70.0,5.8,0
2023-11-09,127.0,19.0,73.0,0.0001236590941958,0.0001807278389912,0.0491587235544414,0.4290224839451779,27.3,74.0,4.1,0
2023-11-10,92.0,19.0,73.0,0.000142365526181,0.0001856767605714,0.0435655824796665,0.5359810489486406,27.1,63.7,3.4,0
2023-11-11,103.0,19.0,73.0,0.000145474554048,0.0001842591490207,0.0413757116319569,0.2597990070917329,28.7,67.1,3.4,0
2023-11-12,91.0,19.0,73.0,0.000151879719212,0.0001775433821523,0.0416450834568255,0.148271194252601,28.2,65.8,3.5,0
2023-11-13,500.0,19.0,73.0,0.0001550718598866,0.000182974119921,0.0445344172605321,0.2481643352030237,28.6,71.1,4.1,0
2023-11-14,92.0,19.0,73.0,0.0001478344776422,0.000178385567375,0.0478128878919723,0.3766758444836142,28.5,67.9,5.1,0
2023-11-15,102.0,19.0,73.0,0.0001616695755542,0.0001855835513464,0.0463116506512493,0.1197261448804145,28.7,68.3,3.7,0
2023-11-16,69.0,19.0,73.0,0.0001637481379315,0.0001781726390127,0.0431751973377973,0.2965488588678393,27.2,72.0,3.8,0
2023-11-17,61.0,19.0,73.0,0.0001543319914578,0.0001799720429424,0.0463407879660823,0.4243639862262716,28.1,68.3,3.5,0
2023-11-18,500.0,19.0,73.0,0.0001725971812615,0.0001828004347609,0.0437701336585738,0.3501210616129377,27.7,68.3,4.5,0
2023-11-19,94.0,19.0,73.0,0.0001619888609611,0.0001813076656687,0.0417651011312508,-0.011511069308934,27.5,71.6,4.1,0
2023-11-20,500.0,19.0,73.0,0.0001687586081751,0.0001855989327866,0.0476484358078088,0.637048816491349,30.6,75.8,3.6,0
2023-11-21,71.0,19.0,73.0,0.0001635633609899,0.000177280637943,0.0462348537459476,0.0379653694477088,28.9,75.5,4.0,0
2023-11-22,51.0,19.0,73.0,0.0001656178566501,0.0001797555222121,0.0471552788129503,0.2457229960495154,27.3,64.5,3.9,0
2023-11-23,92.0,19.0,73.0,0.0001764244529503,0.0001826207331769,0.0427635020622157,0.0898085478390912,29.2,72.1,4.1,0
2023-11-24,63.0,19.0,73.0,0.0001675009697885,0.00018584977943,0.0439848515714804,0.2874886377020144,27.1,72.1,4.2,0
2023-11-25,97.0,19.0,73.0,0.0001817766295347,0.0001783837893283,0.0485673211926419,0.4664129481997252,25.8,67.4,3.8,0
2023-11-26,101.0,19.0,73.0,0.000175213383539,0.000176784668062,0.0451015897664925,0.2612888307487104,26.6,74.6,3.7,0
2023-11-27,108.0,19.0,73.0,0.0001857764752008,0.0001814271526111,0.0494430023628546,0.6376196424668197,28.3,63.8,3.9,0
2023-11-28,130.0,19.0,73.0,0.0001686986560931,0.0001771745318815,0.0434544156748385,0.2530524759874454,29.3,82.1,4.3,0
2023-11-29,95.0,19.0,73.0,0.0001664596556377,0.0001789499437717,0.0501517240262125,0.1391895065410835,29.4,68.0,3.9,0
2023-11-30,500.0,19.0,73.0,0.0001646459866107,0.0001805472084931,0.0485966979101538,0.3807509572911304,28.7,76.3,3.7,0
2023-10-01,133.0,25.5,85.0,0.0001055696293618,3.642681756000681e-05,0.0201801191146421,0.2771219717655862,26.3,53.3,4.5,0
2023-10-02,106.0,25.5,85.0,0.0001135245125969,4.398280296818147e-05,0.0230875595378035,0.7413435116928108,26.5,47.2,4.6,0
2023-10-03,126.0,25.5,85.0,0.000105673320666,3.682709396688682e-05,0.017988190890967,0.7148751579651401,25.6,57.3,4.5,0
2023-10-04,204.0,25.5,85.0,0.0001022352948572,3.624249445472626e-05,0.0201334113075973,0.5399808266224683,25.8,49.9,5.8,0
2023-10-05,500.0,25.5,85.0,0.0001009580825364,4.485330513172178e-05,0.0200460913916519,0.92042767802233,23.5,58.1,4.4,0
2023-10-06,160.0,25.5,85.0,0.000104518345672,4.1111314361293534e-05,0.0230724113296407,0.4357915993966296,24.2,47.3,4.4,0
2023-10-07,233.0,25.5,85.0,9.858114276656872e-05,4.247389305997373e-05,0.0195760236503886,0.5143345145429772,25.3,35.8,4.9,0
2023-10-08,198.0,25.5,85.0,8.085367836040841e-05,3.816819204938616e-05,0.0184175396244139,0.6531223908459888,23.0,60.8,5.6,0
2023-10-09,215.0,25.5,85.0,8.455382058588047e-05,4.456393268908554e-05,0.0235821536388504,0.6493734572966794,23.3,59.6,4.1,0
2023-10-10,500.0,25.5,85.0,7.152719217590108e-05,4.046278631105631e-05,0.0205010182308101,0.7360080950479648,21.6,51.6,4.4,0
2023-10-11,179.0,25.5,85.0,6.725847073696692e-05,3.653361541293797e-05,0.01893632343797,0.5778210082733903,24.6,53.6,5.0,0
2023-10-12,169.0,25.5,85.0,7.284994307125032e-05,3.5172660318579446e-05,0.0184883149576721,0.6162759969506266,23.5,50.8,5.7,0
2023-10-13,304.0,25.5,85.0,7.423702521373987e-05,4.01333324629227e-05,0.0244323331179035,0.5206170359623441,23.0,49.7,4.2,0
2023-10-14,500.0,25.5,85.0,6.396124481299387e-05,4.377461596488479e-05,0.0216513950747731,0.524099425585007,23.8,55.0,4.1,0
2023-10-15,266.0,25.5,85.0,6.386204587469802e-05,4.134892097214578e-05,0.0182464151367537,0.403837158095207,23.2,57.9,4.2,0
2023-10-16,328.0,25.5,85.0,5.16697924979528e-05,3.973356540359586e-05,0.0156034498522978,0.5462669660900369,22.7,52.1,5.0,0
2023-10-17,327.0,25.5,85.0,5.34019675445416e-05,3.936080715921046e-05,0.0251639822319497,0.4363016198270699,22.8,45.4,5.7,0
2023-10-18,500.0,25.5,85.0,6.142201737633664e-05,4.303348999513631e-05,0.0239664768332072,0.7522637942711599,23.7,58.6,5.1,0
2023-10-19,321.0,25.5,85.0,4.217749084983704e-05,3.836393153249562e-05,0.0183569449986576,0.522440108772523,20.2,47.4,4.4,0
2023-10-20,500.0,25.5,85.0,5.689815990921769e-05,4.4575103060411184e-05,0.0237405889617071,0.8192599034337038,21.2,51.8,4.8,0
2023-10-21,367.0,25.5,85.0,4.832791721944923e-05,4.1246366912472286e-05,0.025009468032782,0.4127311410065618,23.3,46.2,4.5,0
2023-10-22,318.0,25.5,85.0,5.108607860060033e-05,4.198346215292287e-05,0.0241382926750358,0.3952818342787327,20.7,57.6,4.2,0
2023-10-23,364.0,25.5,85.0,3.998624355275754e-05,4.130843381565382e-05,0.0231557164870067,0.9738637997934588,20.6,60.8,4.7,0
2023-10-24,500.0,25.5,85.0,4.382730950070741e-05,3.731147391056684e-05,0.0216097433150272,0.6331225243811304,20.2,44.3,4.4,0
2023-10-25,368.0,25.5,85.0,4.621184637369499e-05,4.0774611346228645e-05,0.0180258420787954,0.5353755559181517,18.5,52.9,5.9,0
2023-10-26,401.0,25.5,85.0,5.066742969361525e-05,3.664493532657383e-05,0.0160348014292136,0.4723437306946843,19.2,57.5,4.4,0
2023-10-27,384.0,25.5,85.0,4.731271611014179e-05,4.412077456572721e-05,0.0160870336395174,0.4862914537473998,20.0,54.1,4.8,0
2023-10-28,369.0,25.5,85.0,5.106685521019368e-05,4.466372169087009e-05,0.0206226689904581,0.3564283512603131,18.9,55.3,5.0,0
2023-10-29,401.0,25.5,85.0,4.446669015842462e-05,4.4451649813869135e-05,0.0166652867594834,0.4414066287832544,19.1,52.5,4.1,0
2023-10-30,401.0,25.5,85.0,4.856227981515463e-05,4.3497570973461e-05,0.0196629045910002,0.5999220701874011,19.5,54.1,6.3,0
2023-10-31,393.0,25.5,85.0,4.740798691209334e-05,4.420676398021529e-05,0.0206759696190397,0.6910238530386348,16.6,50.6,4.8,0
2023-11-01,401.0,25.5,85.0,4.9928112525242495e-05,4.243883511895283e-05,0.0208709114829862,0.4929994312661898,19.8,54.4,5.8,0
2023-11-02,401.0,25.5,85.0,5.241850181450936e-05,3.625848001984721e-05,0.022029273412906,0.7610620014253403,17.1,55.6,4.9,0
2023-11-03,500.0,25.5,85.0,4.9698128384626576e-05,3.908904923128709e-05,0.0213661097125789,0.3780265145248855,18.9,53.8,4.5,0
2023-11-04,401.0,25.5,85.0,7.052611912223753e-05,3.6402423074835725e-05,0.017555449395311,0.7366512600489553,16.6,50.8,4.1,0
2023-11-05,401.0,25.5,85.0,5.816142895152451e-05,3.674034526030796e-05,0.0253985376529627,0.4868301576127284,17.4,52.2,4.2,0
2023-11-06,401.0,25.5,85.0,7.4603062408027e-05,4.322877934872207e-05,0.0245119447171229,0.4545521619698234,17.8,51.5,4.4,0
2023-11-07,401.0,25.5,85.0,6.812354945067022e-05,3.9503993546939725e-05,0.0186557952635648,0.3767301236296908,16.3,49.2,5.5,0
2023-11-08,401.0,25.5,85.0,7.115802167517484e-05,4.121239028163405e-05,0.0256185499101163,0.5592697181857659,15.4,55.5,4.2,0
2023-11-09,401.0,25.5,85.0,8.86527135213747e-05,3.736421123188962e-05,0.0168313014854512,0.7375691755580962,16.7,47.1,4.4,0
2023-11-10,401.0,25.5,85.0,7.526596341088334e-05,3.7449290062136304e-05,0.0249867896416474,0.4989584773855205,14.5,51.0,4.2,0
2023-11-11,401.0,25.5,85.0,9.051204207934935e-05,4.181270041383693e-05,0.020612177929223,0.3417009032470873,15.0,65.1,4.5,0
2023-11-12,401.0,25.5,85.0,9.41695334293334e-05,4.460313403147977e-05,0.0217185449742085,0.7808584881049089,16.1,44.5,4.5,0
2023-11-13,401.0,25.5,85.0,9.954657844430152e-05,3.929365250004686e-05,0.0181913357558858,0.6963078144659536,15.1,45.8,4.8,0
2023-11-14,401.0,25.5,85.0,9.793118124705508e-05,4.4886789724152965e-05,0.0175920333532044,0.5182278445919677,13.6,55.8,4.5,0
2023-11-15,401.0,25.5,85.0,0.0001114078723999,4.354800872678618e-05,0.0255719876790637,0.5832534395473965,15.3,43.4,5.0,0
2023-11-16,358.0,25.5,85.0,0.0001010200075158,4.245722024692305e-05,0.0179974148031823,0.6097479594169963,13.9,54.1,4.5,0
2023-11-17,365.0,25.5,85.0,0.0001111463120235,4.437254539057882e-05,0.0243575745039431,0.513354050649493,14.1,47.8,5.3,0
2023-11-18,339.0,25.5,85.0,0.0001020997849919,3.838351002438545e-05,0.0199807192010055,0.1694782409863161,16.2,53.6,4.6,0
2023-11-19,365.0,25.5,85.0,0.0001198649984608,3.863538923688043e-05,0.0217080636580973,0.4029322721933349,14.3,54.8,5.3,0
2023-11-20,356.0,25.5,85.0,0.0001074784542128,4.217768968855098e-05,0.0223764315603785,0.6499078966697789,14.3,53.4,5.1,0
2023-11-21,390.0,25.5,85.0,0.0001106361729305,3.5550995174389005e-05,0.0229536839370499,0.7298987507951175,12.8,51.2,4.3,0
2023-11-22,356.0,25.5,85.0,0.0001156568459594,4.215582458142653e-05,0.0185805298931729,0.7046918371372771,13.5,53.0,5.2,0
2023-11-23,359.0,25.5,85.0,0.0001208653808637,3.902040026725084e-05,0.0224172321206376,0.6988550073861363,14.1,54.1,4.3,0
2023-11-24,311.0,25.5,85.0,0.0001138244976141,3.5622316294655776e-05,0.0234574726807157,0.5430618066736298,12.8,58.5,5.8,0
2023-11-25,343.0,25.5,85.0,0.0001168527344722,3.740273540312181e-05,0.0163055045545034,0.4383499701030667,11.8,50.4,4.5,0
2023-11-26,254.0,25.5,85.0,0.0001309838461467,3.5421969411293953e-05,0.0196428282500429,0.632682260934148,10.7,44.0,4.1,1
2023-11-27,321.0,25.5,85.0,0.0001216767379126,4.034054743266112e-05,0.0243208740698837,0.4676854560891437,10.9,54.7,5.0,0
2023-11-28,308.0,25.5,85.0,0.0001157393049042,3.651575878676813e-05,0.023538749588173,0.6706256507663064,11.5,60.6,4.5,0
2023-11-29,500.0,25.5,85.0,0.0001117410050083,4.0003476424657575e-05,0.0154417495329196,0.5993116233090932,10.0,56.5,5.6,0
2023-11-30,500.0,25.5,85.0,0.0001210937020515,3.965776993358025e-05,0.0209458475862731,0.7146982279154066,10.9,56.4,4.3,0
